"","baseMean","log2FoldChange","lfcSE","stat","pvalue","padj","symbol","entrez"
"ENSG00000186891",163.420161873291,2.15622583704765,0.509121154722336,4.23519199123361,2.2835651465687e-05,0.00312441453073593,"TNFRSF18","8784"
"ENSG00000162493.12",788.667670648817,1.08191379272738,0.304194944345485,3.5566461995457,0.000375619481198682,0.0272476934944073,NA,NA
"ENSG00000184908.13",1473.01659526002,-1.19530501827175,0.346723313091637,-3.44743192378252,0.000565943012469382,0.0365456378005346,NA,NA
"ENSG00000127472",200.48833511914,1.33880586260716,0.361925225169349,3.699122828426,0.000216345887828451,0.0187440992094129,"PLA2G5","5322"
"ENSG00000130766",1011.7067648739,1.1176368510036,0.293952305559905,3.80210268762744,0.00014347323431172,0.0143152102884741,"SESN2","83667"
"ENSG00000162512.11",3304.94426099699,0.510269593910386,0.153838130870758,3.31692533588485,0.000910139355044451,0.0494193153137889,NA,NA
"ENSG00000182866.12",1055.78672389837,1.63005219059364,0.448916690097336,3.63107949994064,0.000282238220448768,0.0223510026841348,NA,NA
"ENSG00000142686",1012.30906619168,0.434974546465578,0.130889055005406,3.32323085721426,0.000889812419143101,0.0484603894604143,"C1orf216","127703"
"ENSG00000259943",705.802321733598,-0.473428903283938,0.12970635826914,-3.65000536289497,0.000262234833754474,0.0213451059997862,NA,NA
"ENSG00000196517",923.477880112184,1.3800707984759,0.368131752556488,3.74885021162127,0.000177647141584045,0.016643429488474,"SLC6A9","6536"
"ENSG00000203943",166.238644647163,-0.833218006563953,0.245275073194114,-3.39707576360412,0.00068110106577731,0.0419248803027913,"SAMD13","148418"
"ENSG00000154451.10",842.684160580117,1.7048135280424,0.503589810867197,3.3853217266383,0.000710948732171371,0.0426923054728907,NA,NA
"ENSG00000064886",877.540641505712,1.83507376624581,0.503173971963839,3.64699660255417,0.000265323430952826,0.0214117497649655,"CHI3L2","1117"
"ENSG00000116748.15",74.2998201269005,2.49405669624213,0.678575644147451,3.6754291400712,0.000237449941594437,0.0200080533103264,NA,NA
"ENSG00000225079",25.7620190803272,2.11371017857506,0.602795872317933,3.50651070394229,0.00045402317511358,0.0310601299846266,NA,NA
"ENSG00000150337",71.8200441214742,1.75837305161205,0.500390135951055,3.51400422446385,0.000441405792948345,0.0304989332637659,"FCGR1A","2209"
"ENSG00000163131",2055.27819866759,0.99068148802254,0.273895966094057,3.61699919188417,0.000298038233942989,0.0229887055891338,"CTSS","1520"
"ENSG00000187862",81.1858602831849,2.39901755257438,0.601593600313644,3.9877710655892,6.6696978132366e-05,0.00758588922478326,"TTC24","164118"
"ENSG00000143297.14",1566.88606989167,3.9828785926705,0.620609903098589,6.41768455963197,1.38362571895673e-10,1.06224021168128e-07,NA,NA
"ENSG00000160856.16",681.265631427385,2.33878457096647,0.608047767923665,3.84638295598526,0.000119874353920637,0.0125022165798436,NA,NA
"ENSG00000132704.11",669.878980507765,4.07583370120836,0.81969301584302,4.97239042230528,6.61323522099735e-07,0.000156400924607631,NA,NA
"ENSG00000163563",231.209416060018,1.25670352955535,0.314115753798232,4.00076568704217,6.31378530727605e-05,0.00741609343415048,"MNDA","4332"
"ENSG00000162739",872.614460026811,1.64120750859746,0.488331628431119,3.3608462222081,0.000777040750327356,0.0446831518392055,"SLAMF6","114836"
"ENSG00000117090.10",306.880796472769,1.62265913904028,0.482905548003689,3.36019982737469,0.000778861160491799,0.0446831518392055,NA,NA
"ENSG00000117091",537.441162832825,1.41071368665908,0.414130504215319,3.4064471761916,0.000658142848947336,0.0408758473240595,"CD48","962"
"ENSG00000026751.12",838.534002422135,3.37543116239809,0.530693076201327,6.36042057785876,2.01202070007974e-10,1.42585200278984e-07,NA,NA
"ENSG00000122224.13",443.000443034525,2.05083033322578,0.490652980896534,4.17979796938857,2.91768189709471e-05,0.00383994725104303,NA,NA
"ENSG00000186517",1799.00923485566,1.34390929127334,0.401652766438538,3.34594805157153,0.000820017571321216,0.0460643203987312,"ARHGAP30","257106"
"ENSG00000198929",32.6989584172816,1.07578309699163,0.293840166721333,3.66111654848013,0.000251118485025194,0.0208390573476417,"NOS1AP","9722"
"ENSG00000239887",160.8134700525,0.946070023339501,0.223651981419211,4.23009900174413,2.33588487039164e-05,0.00318025547033912,"C1orf226","400793"
"ENSG00000197965",6827.56372630154,0.491040947570203,0.134150063288768,3.66038550807985,0.000251836064625238,0.0208390573476417,"MPZL1","9019"
"ENSG00000143851.11",899.244299968784,1.53271548896481,0.439312273701305,3.48889748982276,0.00048501711128931,0.0324573920625035,NA,NA
"ENSG00000163485.11",346.527719359999,1.16265436130725,0.321642237168608,3.61474404463171,0.000300644498459304,0.0230426374865844,NA,NA
"ENSG00000122188",269.9785691604,2.61972937944025,0.577491584206945,4.53639403773798,5.72242199038208e-06,0.00100098923398848,"LAX1","54900"
"ENSG00000197721.12",6.52150509037125,2.50798267158551,0.641375419855736,3.91031928250326,9.21742009921927e-05,0.0100295691615048,NA,NA
"ENSG00000185155",26.4824837490095,2.58796260837781,0.770213849594779,3.36005722273025,0.000779263303657901,0.0446831518392055,"MIXL1","83881"
"ENSG00000260077",887.318899170313,-0.859384925931241,0.231500917845736,-3.71223118218436,0.000205440207723639,0.0185183558789238,NA,NA
"ENSG00000224220",8.28225468722111,4.19154802542291,1.00500239045196,4.17068463243946,3.03685891773265e-05,0.00395908994190071,NA,NA
"ENSG00000271615",3.32330743611484,4.12431051111334,1.206055968809,3.41966759236402,0.000626976983632461,0.039472414290738,NA,NA
"ENSG00000227394",4.36345184791259,2.92458951143978,0.871893060150825,3.35429841698003,0.000795665033043932,0.0451552159820702,NA,NA
"ENSG00000115902",855.878939760607,0.878896410313668,0.252863578362078,3.47577304729576,0.000509383158460599,0.0337609873705852,"SLC1A4","6509"
"ENSG00000135631.11",2523.46966196114,0.433102696256816,0.110115525818987,3.93316649069785,8.38341280895375e-05,0.00930525153469332,NA,NA
"ENSG00000159399",1567.8741883696,0.843292025051334,0.238171409354989,3.54069376897556,0.000399076475682218,0.0287231136325655,"HK2","3099"
"ENSG00000143954",4.61797585507574,4.05419786832585,1.20187593384292,3.37322493459272,0.000742932343649806,0.0437423740656724,"REG3G","130120"
"ENSG00000233999",11.6723948787021,3.5748612864836,0.966087548813879,3.70034919803352,0.000215302993658342,0.0187440992094129,NA,NA
"ENSG00000273445",35.8245030505838,2.90924650762876,0.825577879639059,3.52389105786201,0.000425259056545056,0.0298302811284136,NA,NA
"ENSG00000230006",794.210015740168,2.99331394813343,0.720015893665333,4.15728871330268,3.22046890759657e-05,0.00415922054524084,"ANKRD36BP2","645784"
"ENSG00000231486",269.137941000356,4.72636506787184,0.89751963794001,5.26602969793487,1.39405742464459e-07,3.77734893160069e-05,NA,NA
"ENSG00000211593",1957.60110763232,5.47388095199802,0.868549155975443,6.30232717899595,2.93209397434925e-10,1.8732519924626e-07,NA,NA
"ENSG00000211594",3174.89770391393,4.93217607269494,0.800501502993307,6.1613576667278,7.21238808474897e-10,3.9085486644371e-07,NA,NA
"ENSG00000211595",1777.42730563062,6.47726635226946,0.870716151429075,7.43901022352526,1.01442474129778e-13,8.13714079535405e-10,NA,NA
"ENSG00000211598",4068.70536942015,6.79311141984249,0.855658976946807,7.93904067258421,2.0375095931459e-15,5.63126901353663e-11,NA,NA
"ENSG00000211599",27.5581496452124,4.33152680823538,0.955611692648123,4.53272688222573,5.82270809837709e-06,0.00101212582655941,NA,NA
"ENSG00000197794",15.6619483414815,4.97493419775932,1.023062753552,4.86278498604969,1.15745556797384e-06,0.000251887850296544,NA,NA
"ENSG00000243466",4559.38360580331,5.08153239811787,0.877884498729889,5.78838378564579,7.10668906225429e-09,2.93156227317289e-06,NA,NA
"ENSG00000239855",634.268497953126,5.02740074653436,1.13028052785361,4.44792299136686,8.67046011905604e-06,0.00140961280453218,NA,NA
"ENSG00000243063",54.4640193536144,5.48300063186016,0.961188551681043,5.70439652269143,1.16755995665045e-08,4.67666986694278e-06,NA,NA
"ENSG00000240671",142.543070301818,4.54697144637709,0.979228390854764,4.64342281008423,3.42684057361391e-06,0.000681374242975116,NA,NA
"ENSG00000241755",962.02061261559,5.86447292181442,0.912710405763106,6.4253380752367,1.31576759750589e-10,1.03900528171051e-07,NA,NA
"ENSG00000241351",3775.66446120832,4.65962145611313,0.848905776615408,5.48897366995318,4.04275875673081e-08,1.28000088434977e-05,NA,NA
"ENSG00000243290",1360.39059599479,6.01948015406477,1.02428909726011,5.87673945780188,4.18425978299874e-09,1.89581265381179e-06,NA,NA
"ENSG00000244437",1807.80549049417,5.16216902094663,0.798530659241468,6.46458462327574,1.01577440930867e-10,8.25705091896267e-08,NA,NA
"ENSG00000240864",637.037590176426,5.67484691318325,0.872532508027377,6.50388021188226,7.82742348828488e-11,7.21114434564058e-08,NA,NA
"ENSG00000240382",701.765776157877,6.15634424839685,0.922862114554562,6.67092532167531,2.54195553390194e-11,2.88050302144094e-08,NA,NA
"ENSG00000239951",8545.03670899186,5.66519255151889,0.794704357441377,7.12867936166664,1.01336486575041e-12,2.33394817996748e-09,NA,NA
"ENSG00000211611",131.822259199759,4.32488813721107,1.10561984446403,3.91173164887218,9.16367020078461e-05,0.01001049474345,NA,NA
"ENSG00000241294",309.503262468973,6.19849159820999,1.02447379123642,6.05041500449624,1.44473171451125e-09,7.53386700484185e-07,NA,NA
"ENSG00000253202",7.36241861014099,4.95287436509415,1.30558491298548,3.79360569797671,0.000148475385288578,0.0147081100308448,NA,NA
"ENSG00000254098",20.3705088768989,4.12042885959395,1.11278376603355,3.70281179988899,0.000213223058963436,0.0187440992094129,NA,NA
"ENSG00000244575",440.831448062816,4.9766160761598,0.9796211062801,5.080143786466,3.77149299416248e-07,9.39067778132096e-05,NA,NA
"ENSG00000244116",864.425956761092,5.34604056135004,0.890240142354409,6.0051668162384,1.9113528535852e-09,9.43320895846211e-07,NA,NA
"ENSG00000253998",102.397727735542,6.18082403007717,1.1216543012315,5.51045364270531,3.57910065876181e-08,1.16375510596305e-05,NA,NA
"ENSG00000243238",354.943434035813,4.07149886603045,0.998038217644645,4.07950196099617,4.5132289157762e-05,0.00549500532045034,NA,NA
"ENSG00000242076",535.763605922234,4.25109723769169,0.931560554955718,4.56341481514722,5.03282357026622e-06,0.000909131881274626,NA,NA
"ENSG00000239862",20.1545461942964,4.22563212960346,0.893846722678429,4.72746839294915,2.27336437316565e-06,0.0004688898846683,NA,NA
"ENSG00000242371",1996.13845099067,5.04271240745299,0.919272084368178,5.48554937455637,4.12186405337323e-08,1.28000088434977e-05,NA,NA
"ENSG00000211619",79.0536277354375,5.99792495524351,1.40534604234828,4.26793456878508,1.97291173400237e-05,0.00278765955810349,NA,NA
"ENSG00000251039",242.909162232294,4.55639847078218,0.936163313555222,4.86709787150125,1.13248953102166e-06,0.000248410679828387,NA,NA
"ENSG00000251546",165.74978905048,5.61066971506543,1.02460692438152,5.47592406566272,4.35234310123494e-08,1.33655620702146e-05,NA,NA
"ENSG00000250036",5.26445750615368,4.10477382859179,1.21222523292852,3.38614781897864,0.000708811919039409,0.0426800518919634,NA,NA
"ENSG00000239571",14.6830281528865,6.07380826471933,1.31031598754179,4.63537675069819,3.56287960777837e-06,0.000698374940423962,NA,NA
"ENSG00000243264",118.387654699395,4.48306707343795,1.01869848857826,4.40077915467875,1.07862862822015e-05,0.00169381466061071,NA,NA
"ENSG00000242534",66.2121344404137,9.62049617436199,1.3303359053789,7.23162934674153,4.77233248137061e-13,1.78692485213861e-09,NA,NA
"ENSG00000224607",50.1492424932361,5.38892639173892,0.952606474412998,5.65703313643717,1.54012037518243e-08,5.83093793551943e-06,NA,NA
"ENSG00000211623",3.37223038600347,5.02579249335709,1.32742816183609,3.7861126031901,0.000153022354477589,0.0150506470927103,NA,NA
"ENSG00000241566",20.5129786067959,6.4788051279939,1.32125779269034,4.90351327639234,9.41375770100944e-07,0.000211526370195528,NA,NA
"ENSG00000225523",32.2610161272702,6.70405811882974,1.21315004282356,5.52615742668263,3.27320449505518e-08,1.08993766065464e-05,NA,NA
"ENSG00000211625",283.76940629264,6.10315677635371,0.943661026847979,6.46753082167598,9.96172268931593e-11,8.25705091896267e-08,NA,NA
"ENSG00000242766",22.1737010441414,5.0960419411358,1.27548556832376,3.99537405023956,6.45921895273484e-05,0.00743832889232023,NA,NA
"ENSG00000241244",62.8518289558354,5.55383926271442,1.00346141750864,5.53468141954408,3.11794554993376e-08,1.05089974523255e-05,NA,NA
"ENSG00000224041",163.257890059281,6.27983583102873,0.932527182579163,6.73421209412909,1.64820610241446e-11,2.07183071491393e-08,NA,NA
"ENSG00000240834",248.934672479973,6.25848683693381,1.12881194966156,5.54431306189682,2.9511042514771e-08,1.01953274127905e-05,NA,NA
"ENSG00000211632",45.9668842243303,4.98803910418196,0.976037399088581,5.11049997555398,3.21307353368009e-07,8.07299330216822e-05,NA,NA
"ENSG00000211633",7.98087797357409,5.10769813882878,1.13355179151892,4.50592392605601,6.608476175164e-06,0.00111368941786087,NA,NA
"ENSG00000242580",54.8668440488655,4.44599079395832,1.1345614509421,3.91868663461686,8.9032776102586e-05,0.00980353731443535,NA,NA
"ENSG00000239819",55.7717523010382,6.57588574619522,1.12684922106616,5.83563943006809,5.35846643404128e-09,2.27841992775435e-06,NA,NA
"ENSG00000235896",67.382891258698,7.86667778837445,1.34258404097749,5.85935594962604,4.64665752643483e-09,2.07136001154203e-06,NA,NA
"ENSG00000270999",16.4901378090629,6.58695804730449,1.09950047961111,5.99086418737561,2.08728897131391e-09,1.01207881735393e-06,NA,NA
"ENSG00000228325",18.1568228496367,5.01160121654368,1.20622341591301,4.15478687482642,3.2559088370623e-05,0.0041854329506385,NA,NA
"ENSG00000231331",4.8158688286081,4.90227166457235,1.18771662132013,4.12747584446829,3.66766944349143e-05,0.0046286323323843,NA,NA
"ENSG00000232717",2.95179035202492,-2.82198811216339,0.745662926650643,-3.78453589591634,0.00015399568081342,0.0150926688876642,NA,NA
"ENSG00000115590",190.886552884431,1.80278656855637,0.522672475103217,3.44917066505245,0.000562311185449087,0.0364763597160086,"IL1R2","7850"
"ENSG00000115107.15",1066.33420106864,0.9672347223309,0.273295967867754,3.53914743008188,0.000401421595000575,0.0288168572535738,NA,NA
"ENSG00000176601",7.95658755861166,2.68335042700084,0.677723535383118,3.95935848012706,7.51513611569368e-05,0.00844583310482986,"MAP3K19","80122"
"ENSG00000144339",34.7414065071844,-1.25724097290332,0.361978923783737,-3.47324357938159,0.000514208453294435,0.0338373648384562,"TMEFF2","23671"
"ENSG00000155760",1141.92530935276,0.627641648951364,0.187294400113531,3.35109671496271,0.000804921851077126,0.0454937221269317,"FZD7","8324"
"ENSG00000152049",1505.19711976396,0.834152336045102,0.23326092179814,3.57604835655654,0.000348827154753216,0.025572639000184,"KCNE4","23704"
"ENSG00000163359.11",28719.8885724493,1.04835827027491,0.301992904166509,3.4714665669657,0.00051762378301907,0.0339812021735892,NA,NA
"ENSG00000226321",13.2040827996714,1.49936858121662,0.442984373858328,3.38469858012674,0.000712564553854643,0.0426923054728907,"CROCC2","728763"
"ENSG00000091181.15",28.8976929478954,2.35178615252508,0.667509808541767,3.52322336305852,0.000426331899765662,0.0298302811284136,NA,NA
"ENSG00000163508",275.144697805985,1.97185172288425,0.54616548920879,3.61035576550396,0.000305777303693675,0.0233455058549331,"EOMES","8320"
"ENSG00000183813",154.005562185798,2.08102375971476,0.5956547133608,3.49367462900313,0.000476421280782355,0.0319595421317056,"CCR4","1233"
"ENSG00000173578",48.3980453358854,2.39830712434763,0.598130243048228,4.00967373280647,6.08027031775006e-05,0.00718147483085368,"XCR1","2829"
"ENSG00000121807",337.717971564583,1.66212242868621,0.486408728114359,3.41713117511212,0.000632847791036051,0.0397514710196691,"CCR2","729230"
"ENSG00000160791.12",325.240317237155,1.56976927776416,0.43011358496724,3.64966216513186,0.000262585427307594,0.0213451059997862,NA,NA
"ENSG00000163666",67.5476347578898,-0.993726042395554,0.258941392109162,-3.83764848988156,0.000124218121519804,0.0128102255319565,"HESX1","8820"
"ENSG00000241163",33.7216913337307,2.81347297646684,0.704991265602701,3.99079125336622,6.5853223446058e-05,0.00755208045478071,"LINC00877","285286"
"ENSG00000181847",447.944053539617,2.03857717076626,0.577057838354493,3.5327085696979,0.000411325627050624,0.029224209975386,"TIGIT","201633"
"ENSG00000163710",1123.61476575984,1.78954018089913,0.48221760785113,3.71106353597025,0.000206390288312797,0.0185201778843802,"PCOLCE2","26577"
"ENSG00000168779.15",138.756090550671,2.34917466713037,0.520717233844575,4.51142100634134,6.43947647662278e-06,0.00109820459474716,NA,NA
"ENSG00000172578",1238.20202912086,1.91693462006904,0.491501203143238,3.90016261976552,9.61280979073819e-05,0.0102976293409466,"KLHL6","89857"
"ENSG00000185112",1265.91860626725,0.97681395285072,0.292006535787676,3.34517838861313,0.000822296635638948,0.046098649930607,"FAM43A","131583"
"ENSG00000272927",269.260324848576,-0.90021063500808,0.252280159055563,-3.56829739753658,0.000359308535422802,0.0262020298206211,NA,NA
"ENSG00000002549",4207.29335625868,0.690754485792155,0.198258280358651,3.48411417945608,0.000493768793601147,0.0328838118495145,"LAP3","51056"
"ENSG00000250050",4.47344708943384,3.05486700620568,0.92117382172922,3.3162764009849,0.000912255551951637,0.0494370959702732,NA,NA
"ENSG00000197057",190.088402242788,2.03151187334537,0.562934419513559,3.60878959062556,0.000307628984850766,0.0234108246994647,"DTHD1","401124"
"ENSG00000121895",185.172745591788,3.23776737643329,0.613841443814698,5.27459885457112,1.33046786788906e-07,3.67714709327178e-05,"TMEM156","80008"
"ENSG00000168421",552.426189393977,2.11349706387935,0.481277994152209,4.39142676282625,1.12609267005462e-05,0.00175835871271015,"RHOH","399"
"ENSG00000188848.11",81.3444594504273,3.94619358093763,0.92471249401367,4.26748162967861,1.97692044789161e-05,0.00278765955810349,NA,NA
"ENSG00000197888",5.23692914459964,3.23578688625405,0.972153121085041,3.32847451298877,0.000873229945489245,0.0478028053317829,"UGT2B17","7367"
"ENSG00000132465",8771.40174751,3.34068831020581,0.794554309260639,4.20448076521596,2.61682189894372e-05,0.00351086037101974,"JCHAIN","3512"
"ENSG00000163116",32.6214497789414,-1.5743844625277,0.447383321058869,-3.51909512138593,0.000433021421534225,0.0299946016249697,"STPG2","285555"
"ENSG00000070190",299.041811870987,1.762474313578,0.465250179146016,3.78822919920868,0.000151724848625745,0.0149763263082798,"DAPP1","27071"
"ENSG00000245293",5.28536784190718,-1.68114101553635,0.497200443567086,-3.38121382892434,0.000721663599380702,0.0429856434475945,"LOC101929595","101929595"
"ENSG00000247950",165.366807158119,-0.605804473207431,0.176945577519454,-3.42367682594851,0.000617800437996759,0.0389834897382521,"SEC24B-AS1","100533182"
"ENSG00000050730.11",20.0743330714878,2.4334381975178,0.565700527560995,4.30163678299809,1.69541063722759e-05,0.00246757674076717,NA,NA
"ENSG00000151012",1005.49089559385,2.12523618242379,0.589674609027901,3.60408291265468,0.000313257052364177,0.0236551869214239,"SLC7A11","23657"
"ENSG00000137460",3505.26702472284,-0.914380785794771,0.271826380032626,-3.36384123455944,0.000768657476919807,0.0445370133063095,"FHDC1","85462"
"ENSG00000250486",260.107673903448,-0.762541951749577,0.217746045673906,-3.50197841430172,0.000461817032172075,0.0313604401355572,"FAM218A","152756"
"ENSG00000164303",58.0119800831468,2.11187074883842,0.625203245611264,3.37789473049462,0.000730430368472418,0.0433211041284135,"ENPP6","133121"
"ENSG00000272016",159.741985776178,0.914231168076719,0.255546146104419,3.57755803409046,0.000346819232321254,0.0254930583587628,NA,NA
"ENSG00000154122",5465.94788352359,0.507631568017732,0.152434085810159,3.33017097402961,0.000867926723751423,0.0478028053317829,"ANKH","56172"
"ENSG00000151882",1661.50951108904,-0.622389018986222,0.161568828477286,-3.85216025177605,0.000117080357671676,0.0122570716868553,"CCL28","56477"
"ENSG00000164588",8.51449361300839,2.56141421030134,0.732956152431424,3.49463498164849,0.000474710498514928,0.0319222597517168,"HCN1","348980"
"ENSG00000113088",266.170791738484,2.19259049232501,0.588610519488256,3.72502770462083,0.000195293772533008,0.0179917642842243,"GZMK","3003"
"ENSG00000145649",302.707309959759,1.72918121806089,0.517528219298626,3.34123078429297,0.000834078612446987,0.0465702316986057,"GZMA","3001"
"ENSG00000134061",305.82449778594,2.30440181589295,0.6368707586747,3.6183193913445,0.000296522320392967,0.0229887055891338,"CD180","4064"
"ENSG00000251076",33.3474353895638,-2.05221126809025,0.591633905482072,-3.46871815336222,0.000522947761088237,0.0341652275235059,"LOC101927023","101927023"
"ENSG00000164241",653.102142320683,-0.52501082629049,0.138190190518837,-3.79919026321136,0.000145169616280651,0.0144323663840454,"C5orf63","401207"
"ENSG00000072682.14",1438.03636164418,1.07025576234758,0.296104082612298,3.61445797337728,0.000300976631183767,0.0230426374865844,NA,NA
"ENSG00000248923",73.7017335606284,2.13503860526384,0.574031735895803,3.719373811157,0.000199717294586585,0.0182171174514325,NA,NA
"ENSG00000120708.12",4534.15338415566,0.825708675082951,0.229614450684741,3.59606580779466,0.000323066104281861,0.0240622768596768,NA,NA
"ENSG00000170476.11",1648.24468991011,4.91176396378871,0.771568891158466,6.36594349522565,1.94092881613563e-10,1.41166817421991e-07,NA,NA
"ENSG00000253159",194.567380376681,0.683095857511309,0.193603227817855,3.52832886729542,0.000418192251616166,0.0296358908978656,"PCDHGA12","26025"
"ENSG00000247199",29.3815494988163,-0.823638539283749,0.242541766690851,-3.39586270241685,0.000684126667591576,0.042017539641991,"LOC102546294","102546294"
"ENSG00000155846.12",303.959343031953,0.831536107577269,0.216358543477803,3.84332457693116,0.000121378768908182,0.0126115278762569,NA,NA
"ENSG00000171992",8970.88796706982,0.681078955699499,0.188325228815153,3.61650406578292,0.000298608629658406,0.0229887055891338,"SYNPO","11346"
"ENSG00000134516.11",1647.97420089544,1.35574830097743,0.40288225484033,3.36512289804063,0.000765095720946076,0.0445172958642266,NA,NA
"ENSG00000113761",1258.25390435633,-0.413889558897821,0.0938705991723478,-4.40915006985216,1.03777096307254e-05,0.00165791409695947,"ZNF346","23567"
"ENSG00000137265.10",1203.93678654831,3.73711065868157,0.668506947407875,5.59023458644993,2.2676304950716e-08,8.13932098997257e-06,NA,NA
"ENSG00000137285",58.9719783511807,1.11273780397144,0.301021410948163,3.69654039048755,0.000218557500648728,0.0188743816221559,"TUBB2B","347733"
"ENSG00000112799",157.531300039729,1.8136454230585,0.490256253475253,3.69938253760601,0.000216124638284608,0.0187440992094129,"LY86","9450"
"ENSG00000239264",12786.1122091908,0.910297126827327,0.259704230857956,3.50513013908199,0.000456384137067375,0.0310678442863747,"TXNDC5","81567"
"ENSG00000235290",49.0058056419455,1.67227088072156,0.493187965211974,3.39073740374589,0.000697048542572219,0.0422634253691432,NA,NA
"ENSG00000204516",368.788183496886,1.41095373809615,0.410436178063284,3.43769339426653,0.000586691598632618,0.0375346814884451,"MICB","4277"
"ENSG00000227507",658.704576563787,1.84882761412902,0.548143231851032,3.37289143913295,0.000743832737662864,0.0437423740656724,"LTB","4050"
"ENSG00000166278.10",668.543298279119,1.82443806793569,0.394959019762023,4.61930979329191,3.8501864265851e-06,0.000728845564780541,NA,NA
"ENSG00000243649",2476.30283254881,1.11031624508604,0.330065210862287,3.36392994034531,0.000768410467635593,0.0445370133063095,"CFB","629"
"ENSG00000241106",617.712381316106,2.11801865775199,0.525014099895513,4.03421290623149,5.47856274468899e-05,0.00657194685202833,"HLA-DOB","3112"
"ENSG00000168394",3087.51793450351,1.03723482961462,0.288477533311974,3.59554804045313,0.000323709381867836,0.0240622768596768,"TAP1","6890"
"ENSG00000010030",147.399502253453,1.6547683832174,0.434441198478132,3.80895824110176,0.000139553521769236,0.013974566067602,"ETV7","51513"
"ENSG00000228506",318.84577197458,-0.703157460782738,0.208716492478428,-3.36895974262989,0.000754524482620519,0.0440878385849173,NA,NA
"ENSG00000188820",101.64389640349,2.02453985734657,0.420948112074441,4.80947603582208,1.5132643586895e-06,0.000321720002657388,"CALHM6","441168"
"ENSG00000091844",423.696125077767,-1.17169870165311,0.274360157633464,-4.27065909190234,1.94896133130883e-05,0.00277656666364502,"RGS17","26575"
"ENSG00000164691.12",517.437908158589,1.48550284107768,0.443555668985566,3.34907869507135,0.000810807627262745,0.0457328595965056,NA,NA
"ENSG00000146535",2992.79005275549,0.368221046169125,0.107511953342534,3.42493122598162,0.000614955068327946,0.0388927418271116,"GNA12","2768"
"ENSG00000106004",119.988789693264,1.2856939330152,0.279543234095352,4.59926686180018,4.23980379680132e-06,0.000791754711729695,"HOXA5","3202"
"ENSG00000158517",327.095830487418,1.83888552690475,0.479602011042702,3.83419060922374,0.000125978426781741,0.012942719566839,"NCF1","653361"
"ENSG00000235354",7.28597965524291,1.45408588072715,0.433188317339103,3.35670613108635,0.000788768999188968,0.0449484486589375,NA,NA
"ENSG00000257743",13.9955554235214,1.61680497049621,0.464865920378457,3.47800279525747,0.000505164656951651,0.0335618768962253,"MGAM2","93432"
"ENSG00000229200",12.7866328466541,2.60946372826267,0.714668477826603,3.6512926052068,0.000260923758032018,0.021335534983695,NA,NA
"ENSG00000230099",11.5653409964015,2.95478901764959,0.813256217187298,3.63328180615566,0.000279839097258937,0.0223258020426039,NA,NA
"ENSG00000211747",34.3179760336272,2.09300003524349,0.553620119076266,3.78057076165464,0.000156469238610205,0.0152809074795366,NA,NA
"ENSG00000232869",30.0010864349164,2.4664842487394,0.631828126867861,3.90372657350096,9.47227903713304e-05,0.01018656996219,NA,NA
"ENSG00000211772",2131.75106296208,1.55447951478311,0.462442928288791,3.36145158611303,0.00077533947595745,0.0446831518392055,NA,NA
"ENSG00000232533",122.240487404565,0.984020086254723,0.262286602092724,3.75169786944303,0.000175641051711236,0.0166380254561152,NA,NA
"ENSG00000245281",83.1750883659239,-0.762497187875529,0.223564277394442,-3.41063964584212,0.000648106859409769,0.0404920235557746,"LOC101929066","101929066"
"ENSG00000167034",78.5962974852773,0.849833779500913,0.175841286136812,4.83295930194519,1.34518294973151e-06,0.000290454424724059,"NKX3-1","4824"
"ENSG00000168081",67.4489699488532,3.19860277529279,0.687754579395618,4.65079095235345,3.30664379537407e-06,0.000667073147566049,"PNOC","5368"
"ENSG00000120875",385.581276931936,1.06119373470922,0.291008804269776,3.64660353617844,0.000265729436622881,0.0214117497649655,"DUSP4","1846"
"ENSG00000169495",28.8570283648682,1.52162663015908,0.414180396856731,3.6738258056318,0.000238945660880187,0.0200728880711447,"HTRA4","203100"
"ENSG00000019549",838.333008892155,0.873962191649187,0.262520754428424,3.32911656281054,0.000871219342124234,0.0478028053317829,"SNAI2","6591"
"ENSG00000137571",50.0704194567555,2.01204542714345,0.523985706872653,3.83988608993193,0.000123091409668941,0.0127415744585401,"SLCO5A1","81796"
"ENSG00000154589",184.264781549988,0.813301380522631,0.241531993870729,3.36726148568922,0.000759186661972064,0.0442666686995441,"LY96","23643"
"ENSG00000180938",197.670808895068,-0.689588042851536,0.190167593007399,-3.62621218445303,0.000287609054230462,0.0225182409088428,"ZNF572","137209"
"ENSG00000177335",437.761720727496,-0.808063829830042,0.229224212810332,-3.52521149455822,0.00042314481441109,0.0298302811284136,"C8orf31","286122"
"ENSG00000197646",136.524398648394,0.736895823511337,0.212400251505829,3.46937359201345,0.00052167349050989,0.0341652275235059,"PDCD1LG2","80380"
"ENSG00000172724",3013.62048443279,2.41131985986281,0.664267267779395,3.63004467753425,0.000283372166639946,0.0223766855474138,"CCL19","6363"
"ENSG00000137078",190.110889773265,1.98815627270512,0.50362573251344,3.94768603816737,7.89101941242541e-05,0.00879403203712151,"SIT1","27240"
"ENSG00000236060",14.9988736752811,1.68821067954511,0.441032421791714,3.82786071075381,0.000129261868419492,0.0131828026545311,NA,NA
"ENSG00000135069",910.110743928303,1.98507357430145,0.537886287004042,3.69050786804411,0.000223806765758623,0.0191503758267394,"PSAT1","29968"
"ENSG00000269929",10.2165336499005,2.27868507290069,0.675569263443371,3.37298511966967,0.000743579710192751,0.0437423740656724,NA,NA
"ENSG00000165028",476.358692804459,-0.719047575345616,0.183300050110967,-3.92278984599467,8.75294955364395e-05,0.00967656079054446,"NIPSNAP3B","55335"
"ENSG00000106868.12",471.948006227107,0.579420858172205,0.151953919302045,3.81313532966838,0.000137214928815131,0.0137903498276094,NA,NA
"ENSG00000138835.18",2936.82721372421,0.608319761652833,0.167749878422501,3.62634994059844,0.000287455739660493,0.0225182409088428,NA,NA
"ENSG00000041982.10",4444.43655420621,1.90495536840248,0.531621640452797,3.58329161841489,0.000339291453512209,0.025073372939067,NA,NA
"ENSG00000182752",612.616117754369,1.32647789892682,0.376487016998181,3.52330316594485,0.000426203540693585,0.0298302811284136,"PAPPA","5069"
"ENSG00000148346",318.125189161336,2.69876819856364,0.795613184855577,3.39206067714116,0.000693690764461915,0.0422634253691432,"LCN2","3934"
"ENSG00000227619",4.56920191919192,3.44055650391008,0.83850486770549,4.10320397223802,4.07467715255873e-05,0.00507278951091974,NA,NA
"ENSG00000170835.10",179.56242866473,1.43894240980067,0.392374722793109,3.66726582068692,0.000245157899489342,0.0204086567050797,NA,NA
"ENSG00000148411",2112.22678599097,0.441690842744217,0.117399823243741,3.76227860094128,0.00016837233784499,0.0161578981713883,"NACC2","138151"
"ENSG00000187796",142.627309015894,1.25770361421554,0.344251062690108,3.65344874867595,0.000258741452872598,0.0212198702507207,"CARD9","64170"
"ENSG00000188747",1493.53165663519,-0.669419449099127,0.177726794737501,-3.76656457507066,0.000165509289471346,0.0159384869073486,"NOXA1","10811"
"ENSG00000196139",1393.90391183762,1.07071747123261,0.297800593726647,3.59541751691545,0.000323871734271647,0.0240622768596768,"AKR1C3","8644"
"ENSG00000165995.14",325.083476682731,0.682840473697512,0.19528726682569,3.49659496390517,0.00047123673315534,0.0317659532462129,NA,NA
"ENSG00000234814",31.9991128972249,1.3281702439282,0.341757810721189,3.88629082426953,0.000101787554930221,0.0108617932168395,NA,NA
"ENSG00000128815.13",995.044893281727,1.48355142260517,0.445611170977618,3.3292509686201,0.000870798988922673,0.0478028053317829,NA,NA
"ENSG00000196968",1068.86240039964,0.330949315211576,0.0957768339128491,3.45542133406414,0.000549433495325044,0.0357299833971613,"FUT11","170384"
"ENSG00000152766",28.7028166378126,2.89655096078069,0.724826612089921,3.99619841830718,6.43677900938116e-05,0.00743832889232023,"ANKRD22","118932"
"ENSG00000099194",549.031906899528,1.66054134499104,0.386674239959223,4.29441936749175,1.75151122526528e-05,0.00252126391895218,"SCD","6319"
"ENSG00000066468.16",4245.36306405947,-0.744513152656135,0.222114357659562,-3.35193618504059,0.000802485141674575,0.0454489433311514,NA,NA
"ENSG00000232334",3.80711720631261,2.27692690165565,0.646855609565482,3.51999251144339,0.000431558982949612,0.0299684099767874,NA,NA
"ENSG00000132334.12",1943.26025097651,0.771875038984544,0.208137763867001,3.70848146268049,0.000208505921506815,0.0186494713870723,NA,NA
"ENSG00000177042.10",3236.05499496344,-0.562660816076676,0.121039570575575,-4.6485691695788,3.34245536578123e-06,0.000669411459416388,NA,NA
"ENSG00000255153",178.411807210904,-0.937887595178704,0.273417797504268,-3.4302360846282,0.000603056301120701,0.0383273271694831,"TOLLIP-AS1","255512"
"ENSG00000167311",150.358943177408,-1.43854760092658,0.419382950955287,-3.43015279388397,0.000603241454473013,0.0383273271694831,"ART5","116969"
"ENSG00000133808",68.1620533664373,1.37372683124763,0.328186391988345,4.18581289408373,2.84147346079499e-05,0.00375754275164842,NA,NA
"ENSG00000134339",58.3729348744778,2.73809424129143,0.740871092738731,3.69577686068124,0.000219215446150663,0.0188743816221559,"SAA2","6289"
"ENSG00000156587.11",2661.4618788397,0.643311194358843,0.189029115930261,3.40323865555284,0.000665920861113625,0.041173871945097,NA,NA
"ENSG00000156738.13",4547.68856103538,2.33928409388294,0.599074580324179,3.90482949988811,9.42918397858679e-05,0.0101798354218821,NA,NA
"ENSG00000133321",1885.10572111163,1.0784173219942,0.318654790715733,3.3842809002556,0.000713649508954175,0.0426923054728907,"PLAAT4","5920"
"ENSG00000168062",280.066861436244,1.17327278029311,0.346884931927772,3.38231117094879,0.000718786747609317,0.0429067562212231,"BATF2","116071"
"ENSG00000254429",52.6587602388573,1.07706697789056,0.312322218827579,3.44857622340716,0.000563550387102383,0.0364763597160086,NA,NA
"ENSG00000255326",14.5786708928573,-0.95414326756527,0.227419472982181,-4.19552140831859,2.72244569111707e-05,0.00363492531454559,"LOC105369391","105369391"
"ENSG00000110777",2235.89961402738,3.7389827667497,0.631488201472709,5.92090676916833,3.20171336331001e-09,1.47481589891937e-06,"POU2AF1","5450"
"ENSG00000110244",11.8524221635513,3.33750084921541,0.913225310553102,3.65463025460171,0.000257552881405596,0.0211852575484757,"APOA4","337"
"ENSG00000160593.13",771.899869985097,1.36262025832204,0.366323809607248,3.71971524259634,0.000199447515037515,0.0182171174514325,NA,NA
"ENSG00000198851",1130.14111653164,1.55148647632501,0.415828259804027,3.7310751247551,0.000190664352198469,0.0176240179466933,"CD3E","916"
"ENSG00000167286",326.601222215753,1.8021317323224,0.441082752535318,4.08569984195449,4.39441582629577e-05,0.00539790509365167,"CD3D","915"
"ENSG00000166250",289.040017120173,1.20498810825147,0.272647041007931,4.41958989834192,9.88883790675319e-06,0.00158899826783049,"CLMP","79827"
"ENSG00000089692",256.953328050357,1.42848961989213,0.409654453030134,3.48705990945753,0.000488361946674279,0.0326022886043085,"LAG3","3902"
"ENSG00000247774",392.948553251088,1.56465075201307,0.41430094367413,3.77660436429938,0.00015898096132934,0.0154407732599633,"PCED1B-AS1","100233209"
"ENSG00000269282",22.7110513653823,-1.38884790642307,0.377008871728808,-3.68386001118324,0.000229728438361801,0.0194166195090014,NA,NA
"ENSG00000134285",1605.68976842913,0.907912015963514,0.270202544288353,3.36011645765488,0.000779096238575406,0.0446831518392055,"FKBP11","51303"
"ENSG00000050426.11",4408.26342448248,-0.419224566475508,0.126160561031245,-3.32294469086644,0.000890725734347292,0.0484603894604143,NA,NA
"ENSG00000257989",27.55838741678,1.26636198198563,0.358274959989573,3.53460923426656,0.000408378600728485,0.0290896076467368,NA,NA
"ENSG00000170627",22.8096707317085,1.89441618190421,0.565755399464092,3.3484721201047,0.000812584560121216,0.0457397394554586,"GTSF1","121355"
"ENSG00000123338",1054.71695737131,1.42867165248733,0.398704030353128,3.58328871474403,0.000339295226833023,0.025073372939067,"NCKAP1L","3071"
"ENSG00000123329.13",2182.00399244683,1.58870760525137,0.46745622062523,3.39862330450208,0.000677259264250356,0.0417814543423021,NA,NA
"ENSG00000257431",8.68462413766548,-2.32714809119009,0.534648865615096,-4.35266628409055,1.34491792117254e-05,0.00204409030598463,NA,NA
"ENSG00000171310",1151.16852216054,0.819246976266651,0.235826137220807,3.47394477101399,0.000512866586403175,0.0338296102983555,"CHST11","50515"
"ENSG00000136010",821.131639189875,0.828647455994919,0.21357662083833,3.87986031777409,0.000104516468426813,0.0110675331585451,"ALDH1L2","160428"
"ENSG00000257221",12.7216522847187,3.56440784219484,0.95021221235636,3.75117031316166,0.000176011084182311,0.0166380254561152,NA,NA
"ENSG00000264043",45.2832752710906,0.817871709503209,0.224260920667409,3.6469649151051,0.000265356139952957,0.0214117497649655,NA,NA
"ENSG00000084112.10",3633.76639156925,0.412774070119011,0.111391281558401,3.70562277715245,0.000210871949196897,0.0187440992094129,NA,NA
"ENSG00000256262",19.6233756341709,2.16035828609804,0.520785425301961,4.14826948132319,3.34997931492611e-05,0.00428642260675592,NA,NA
"ENSG00000152137",2936.07782491254,1.16404668764338,0.278918456215428,4.1734301251987,3.00047712501857e-05,0.00393019842565228,"HSPB8","26353"
"ENSG00000213144",32.6917363144639,1.21139018919519,0.360852820519629,3.35702014868771,0.000787873708965117,0.0449484486589375,NA,NA
"ENSG00000135114",170.052476971605,1.67905655666428,0.49983590312782,3.35921558687013,0.000781640633672339,0.0447266746033874,"OASL","8638"
"ENSG00000110987",1626.77872459362,-0.522358547123607,0.136574027537113,-3.82472829236626,0.000130916386953861,0.0133024525832015,"BCL7A","605"
"ENSG00000132972.14",19.1070675785945,-3.58433028889026,0.876469283514777,-4.08951044412708,4.32284604464512e-05,0.00533369727597776,NA,NA
"ENSG00000165566.11",16.6270248166596,2.11057264245572,0.523994977970009,4.02784898937814,5.6289477396481e-05,0.00670572662191354,NA,NA
"ENSG00000122025.10",93.022216648594,2.36262060139663,0.584894788285461,4.03939417604032,5.35894395067286e-05,0.00646770711391688,NA,NA
"ENSG00000261485",231.821738668903,-0.651820860855932,0.17048562358746,-3.82331863027467,0.000131667452285797,0.0133297620742669,NA,NA
"ENSG00000139514",2120.16574970329,0.895348373989495,0.26374615713601,3.39473523979263,0.000686949968047292,0.0420973907248139,"SLC7A1","6541"
"ENSG00000132965",504.495504759876,1.39796046237439,0.373144973572534,3.74642715668968,0.00017937105746226,0.0167481665072363,"ALOX5AP","241"
"ENSG00000136167",3437.85782020391,1.30136567167176,0.39078336214532,3.33014605465169,0.000868004406390084,0.0478028053317829,"LCP1","3936"
"ENSG00000136110",41.3940192471915,-2.24188489939669,0.53168754297252,-4.21654584356617,2.48072874299157e-05,0.00336090102935299,"CNMD","11061"
"ENSG00000235532",58.5852123598902,3.2002971124661,0.913009197998815,3.50521891726906,0.000456231969752324,0.0310678442863747,"LINC00402","100507612"
"ENSG00000211788",14.3256957828853,2.67779928459896,0.742142382847081,3.60820153449007,0.000308326948064446,0.0234108246994647,NA,NA
"ENSG00000155465.14",936.927848556565,0.960214125571527,0.288490835307048,3.32840426126379,0.000873450202350039,0.0478028053317829,NA,NA
"ENSG00000176165",84.4579411085949,3.12664116009408,0.648858256682246,4.81868131890821,1.44510160306428e-06,0.00030961021787202,"FOXG1","2290"
"ENSG00000258943",12.1490726085775,1.90288403255572,0.511816426953256,3.71790339728488,0.000200883053676819,0.018263177097105,NA,NA
"ENSG00000214770",28.3394842314411,-0.821373473767898,0.229430374728235,-3.58005549500946,0.000343521244110624,0.0253179737192784,NA,NA
"ENSG00000140044",2176.87831378817,0.897214356950343,0.266008396861696,3.37287983212359,0.000743864093308707,0.0437423740656724,"JDP2","122953"
"ENSG00000197249",1989.47717100574,1.03483313227387,0.305540983595203,3.386888135586,0.000706902049714058,0.0426579887554523,"SERPINA1","5265"
"ENSG00000140105.13",9895.78910257888,1.45490661822756,0.386959235210591,3.75984467055237,0.00017001888794715,0.0162594533739907,NA,NA
"ENSG00000211892",16097.5553720064,4.90298067009615,0.925613074255228,5.29700887602654,1.17714975406276e-07,3.31980254110066e-05,NA,NA
"ENSG00000211893",15741.5110187826,3.67789516897572,0.856227220328203,4.29546629873077,1.74326520085373e-05,0.00252126391895218,NA,NA
"ENSG00000253755",3615.05056518934,5.12199389861506,0.933481369691812,5.48698031360399,4.08862678427085e-08,1.28000088434977e-05,NA,NA
"ENSG00000211895",80198.7365962117,3.93947177926374,0.737051413170611,5.34490770775015,9.04631352028461e-08,2.65980864971943e-05,NA,NA
"ENSG00000211896",199050.753937407,6.21772723144091,0.923316218834973,6.73412543243998,1.64918864346575e-11,2.07183071491393e-08,NA,NA
"ENSG00000211897",24672.5915727341,4.4034386673684,0.834288170271038,5.27807875537518,1.30545360851572e-07,3.64445725577348e-05,NA,NA
"ENSG00000211899",9132.71106366241,4.1251814968007,0.660496630366814,6.24557538546371,4.222428198362e-10,2.56861797442787e-07,NA,NA
"ENSG00000265714",11.4296132907621,4.34790709394753,1.17508916862029,3.70006567165668,0.000215543681684402,0.0187440992094129,NA,NA
"ENSG00000211900",600.962664925628,5.09613089481871,0.821333808599792,6.20470123287215,5.48009107525048e-10,3.1553907737036e-07,NA,NA
"ENSG00000242472",319.957000541481,6.5146507746742,0.861095313145136,7.5655396972021,3.86257532921025e-14,5.33769284743565e-10,NA,NA
"ENSG00000240041",645.674626649346,4.64289937652343,0.817433253249904,5.67985136164263,1.34811843718646e-08,5.3227567667085e-06,NA,NA
"ENSG00000242887",274.422749781416,5.05636618177722,0.909247926744318,5.56104229996125,2.68168182763007e-08,9.50209260923589e-06,NA,NA
"ENSG00000211904",114.083447086397,5.03601084473341,1.05890104651471,4.75588428334173,1.97579626627542e-06,0.000413689827328182,NA,NA
"ENSG00000211905",44.4607279362701,4.60143316499955,0.942419716125856,4.88257311075297,1.04710396346974e-06,0.000231625468058156,NA,NA
"ENSG00000211923",13.9292255005892,4.77229028462982,1.02836726953535,4.6406477782846,3.47318690640133e-06,0.000685656712279428,NA,NA
"ENSG00000211930",13.116915835996,5.47165543464947,1.16825762368092,4.6836034481928,2.81875091658953e-06,0.000572828219358099,NA,NA
"ENSG00000226777",470.691028009417,5.00319549807118,0.802730441158305,6.23272177251903,4.58399907653164e-10,2.69558652079109e-07,"FAM30A","9834"
"ENSG00000211933",209.90812551697,6.2877923299946,0.96510376227291,6.5151464285936,7.26187829276024e-11,6.92082042259681e-08,NA,NA
"ENSG00000211934",1147.38344562545,4.6106291144163,0.819642832772323,5.62516858571376,1.85326890513905e-08,6.82941946669775e-06,NA,NA
"ENSG00000211935",526.312242006602,6.46300022791991,1.02154451797583,6.32669464148877,2.50468308344562e-10,1.68840075756756e-07,NA,NA
"ENSG00000211936",584.216677164482,6.13356042579081,0.970176230880525,6.32210956170719,2.58016327606365e-10,1.69787030056779e-07,NA,NA
"ENSG00000211937",717.722880328014,6.0912213647492,0.924292395559122,6.59014549293625,4.3939577014565e-11,4.49778529455018e-08,NA,NA
"ENSG00000211939",472.646269285387,7.99885298264172,1.17876908972382,6.78576750304491,1.15470979458283e-11,1.59569346513402e-08,NA,NA
"ENSG00000211940",1065.31417121348,6.05220524968207,1.06745969624534,5.66972717655756,1.43025088403664e-08,5.56750337084571e-06,NA,NA
"ENSG00000211941",616.936382418521,5.20831235717687,0.826755718980988,6.29969921901035,2.98223777655236e-10,1.8732519924626e-07,NA,NA
"ENSG00000254174",13.1105494734654,5.19165698024104,1.17823394272316,4.40630403860372,1.05149346440855e-05,0.00167018254996112,NA,NA
"ENSG00000211942",110.745941053018,6.15808377055161,1.05348411361956,5.84544530946335,5.05214907068201e-09,2.21636977802396e-06,NA,NA
"ENSG00000253709",15.9263016147395,6.19548912360543,1.16696218495167,5.30907445288128,1.10183320608293e-07,3.13942949997115e-05,NA,NA
"ENSG00000211943",737.320710887442,4.38145222854702,0.846922856592215,5.17337818249089,2.29899028641089e-07,5.88328643850224e-05,NA,NA
"ENSG00000254046",16.6194873022449,5.5995384522255,1.31478321495988,4.25890625048507,2.05429598429963e-05,0.00282470808030215,NA,NA
"ENSG00000211945",1288.86091539141,5.62602548065978,0.909752779340761,6.18412563107154,6.24476217118026e-10,3.4518547377416e-07,NA,NA
"ENSG00000253883",12.3111643215197,5.09325416847809,1.18406110258611,4.30151295178425,1.69635856699386e-05,0.00246757674076717,NA,NA
"ENSG00000211946",142.654088861972,6.16643306652645,1.15951382341945,5.31811949282451,1.0484520781384e-07,3.05022300374623e-05,NA,NA
"ENSG00000211947",1080.15488279398,5.344226016742,0.920571386262193,5.80533579089528,6.42371337349865e-09,2.68997863964781e-06,NA,NA
"ENSG00000253957",11.4841439889043,4.59754670762811,1.11163209375018,4.13585280010935,3.53638836993732e-05,0.00450408763909344,NA,NA
"ENSG00000211949",3815.8346271005,6.07186474252322,0.87184945037357,6.96435002616742,3.29923390639351e-12,5.84135586448809e-09,NA,NA
"ENSG00000211950",761.431813506905,6.65174747392527,1.00577014213596,6.61358614185833,3.75119544597e-11,3.98752075906611e-08,NA,NA
"ENSG00000253441",14.0636805831152,5.61425323895724,1.37543467581026,4.08180289307446,4.46876892317324e-05,0.00546494847339213,NA,NA
"ENSG00000211951",301.211323859971,5.52492208858792,1.00173820539835,5.51533530299056,3.48115613584742e-08,1.1453832533637e-05,NA,NA
"ENSG00000211952",53.730621068726,5.46709402444342,1.03805794186716,5.26665593888692,1.38931237772535e-07,3.77734893160069e-05,NA,NA
"ENSG00000211953",2209.90753297306,5.80765392444128,0.8697523890749,6.67736472746974,2.43276981605424e-11,2.88050302144094e-08,NA,NA
"ENSG00000231475",986.927892176594,6.36142628512073,0.88099954189218,7.2206919330036,5.17237094475318e-13,1.78692485213861e-09,NA,NA
"ENSG00000211955",1032.2620689324,5.87928293947152,0.895865711166855,6.56268329749313,5.28480149768583e-11,5.21647656403718e-08,NA,NA
"ENSG00000211956",900.930530625157,5.36771127863165,0.873123038070129,6.14771463423522,7.86072915829526e-10,4.17797754763393e-07,NA,NA
"ENSG00000211957",17.1563119108594,6.61277072165111,1.26058950234473,5.24577644772639,1.5562551353529e-07,4.10999219939534e-05,NA,NA
"ENSG00000253359",3.40779219496974,4.64016308414427,1.39109985696922,3.33560747698858,0.00085113246486141,0.0472239603531361,NA,NA
"ENSG00000211958",12.586577149101,6.01011612886553,1.09365039680261,5.49546376651684,3.89684952017963e-08,1.2523386864968e-05,NA,NA
"ENSG00000211959",1819.52592506757,6.35046317232093,0.901586766021758,7.04365171678625,1.87265886865092e-12,3.98127275475185e-09,NA,NA
"ENSG00000253705",18.7503770555379,4.15308003408809,1.04894705453709,3.95928470948506,7.51745764450447e-05,0.00844583310482986,NA,NA
"ENSG00000254228",6.58691423041508,4.83546800224317,1.05327573012136,4.59088523922035,4.41369983677973e-06,0.000813238907259455,NA,NA
"ENSG00000232216",190.847858617747,6.22693830732147,0.933952354730665,6.66729761510929,2.60556391692682e-11,2.88050302144094e-08,NA,NA
"ENSG00000211961",35.4276219867423,4.09428610586384,0.88688353192007,4.61648678603815,3.90290861325124e-06,0.000733799920088692,NA,NA
"ENSG00000211962",1214.74997724078,6.8559448822037,0.932118608637861,7.35522799209271,1.90601510781294e-13,8.77974092495566e-10,NA,NA
"ENSG00000229092",9.31286842130496,5.37512040251054,1.19177160922219,4.51019336332288,6.476856101881e-06,0.00109820459474716,NA,NA
"ENSG00000211964",657.246089632471,5.54375035554267,0.997413394785577,5.55812703591619,2.72684895445979e-08,9.53982929156451e-06,NA,NA
"ENSG00000211965",429.21949930614,5.84913666486394,1.00178092887881,5.83873828723239,5.25976157077351e-09,2.27139516082872e-06,NA,NA
"ENSG00000211966",1215.87408660327,5.56545611262564,0.804945092651514,6.91408167269255,4.70903828930481e-12,7.23046667998924e-09,NA,NA
"ENSG00000253545",8.43290815939632,5.36345223345911,1.16017815271388,4.62295572530214,3.78310491183326e-06,0.000721085886574122,NA,NA
"ENSG00000211967",377.097162973787,4.80412547619077,0.948788007706052,5.06343402021493,4.11770936185607e-07,0.00010161183155623,NA,NA
"ENSG00000254395",83.5475346295507,5.18980938807337,0.948730343501216,5.47026815746272,4.49355169126549e-08,1.36475584223292e-05,NA,NA
"ENSG00000211968",66.3954517030939,6.30261332110237,1.2112688396845,5.20331499879418,1.95764627413369e-07,5.05658203032775e-05,NA,NA
"ENSG00000224373",1834.13595750939,5.58091648576476,0.938521622317901,5.94649750528002,2.73940708072857e-09,1.28324971012163e-06,NA,NA
"ENSG00000211970",280.728550413356,6.2802166044002,0.983289371403654,6.38694649514531,1.69230815375672e-10,1.26410845279806e-07,NA,NA
"ENSG00000253132",5.87559940294815,5.06998968567443,1.16485076274522,4.35248003248581,1.34606134919026e-05,0.00204409030598463,NA,NA
"ENSG00000253936",4.34087567797743,4.35233779368311,1.16069049060087,3.74978327894283,0.000176987462338008,0.0166380254561152,NA,NA
"ENSG00000223648",127.188473888779,5.33554612450151,1.03460205982099,5.15709984708969,2.50804079181774e-07,6.35937902791365e-05,NA,NA
"ENSG00000253209",15.2885092566437,5.7871648154566,1.33708610025757,4.32819159090936,1.50338664981581e-05,0.00224597839068159,NA,NA
"ENSG00000211972",80.6374501437261,4.73604692282905,1.02265017959898,4.63115053153977,3.63639363468953e-06,0.000702815715213632,NA,NA
"ENSG00000253274",93.7316324458047,6.36143033304296,1.06944689091236,5.94833683383374,2.708807251638e-09,1.28324971012163e-06,NA,NA
"ENSG00000253703",8.02409152632735,5.39408370370483,1.17964951473304,4.57261554074858,4.81673458401938e-06,0.000875821779165314,NA,NA
"ENSG00000211973",3271.69089891599,5.57148109702727,0.892345604835568,6.24363594871286,4.27514388970555e-10,2.56861797442787e-07,NA,NA
"ENSG00000211974",259.185515814798,7.10248271387057,1.04051899134004,6.8259039700213,8.73733640746039e-12,1.27096054541784e-08,NA,NA
"ENSG00000254056",12.6502836316327,3.44291705005731,0.966581546429956,3.56195197681317,0.00036810772797064,0.026773056278033,NA,NA
"ENSG00000225698",105.994237621122,4.16142515088962,0.965050148952865,4.31213357710479,1.6168669819372e-05,0.00238967752121821,NA,NA
"ENSG00000211976",202.763183066606,7.14021511510254,1.03087088447385,6.9263912897752,4.31711342760802e-12,7.0186106418959e-09,NA,NA
"ENSG00000224650",492.045621105715,3.99260028378163,0.884828772545229,4.51228577513006,6.41326974802088e-06,0.00109820459474716,NA,NA
"ENSG00000211978",16.641948623947,4.55190025326263,1.0160094711425,4.48017502055767,7.45818567572575e-06,0.00123430739943538,NA,NA
"ENSG00000253128",8.92318698274177,4.97510216094353,1.13886306848439,4.3684814255716,1.25113455802716e-05,0.00192104760637525,NA,NA
"ENSG00000211979",25.2362727457151,4.80905465348272,1.35966965966687,3.536928708596,0.000404808920668207,0.0289706457545782,NA,NA
"ENSG00000188403",9.02950088343993,5.57726061355246,1.22907026081389,4.53778827083425,5.68472926056544e-06,0.00100072960065928,NA,NA
"ENSG00000259337",20.4520535065907,7.25029607086475,1.44734589929129,5.00937341544611,5.46075296299548e-07,0.000132389728413394,NA,NA
"ENSG00000247765",105.698402528956,-1.25405551056157,0.364100053866956,-3.44426071142468,0.000572623253187283,0.0367196321846639,NA,NA
"ENSG00000270505",60.9531497315684,2.7702604221017,0.639817964511618,4.32976342609617,1.4926961374909e-05,0.00224212694825943,NA,NA
"ENSG00000271288",116.718657861287,7.60378660694704,1.32202107478301,5.75163796703851,8.83829095642153e-09,3.59224537431733e-06,NA,NA
"ENSG00000259261",146.147684175195,6.64663135658221,1.04573697272285,6.35593034381864,2.07168894264733e-10,1.43143347492217e-07,NA,NA
"ENSG00000270356",18.2618234249552,6.63904491773215,1.2619728590139,5.26084603984261,1.43394066116058e-07,3.84769436826757e-05,NA,NA
"ENSG00000261739",4.38753647160967,-1.94178015405648,0.572688980497412,-3.39063648888431,0.000697305230781146,0.0422634253691432,"GOLGA8S","653061"
"ENSG00000259772",204.317708018566,2.15691080495032,0.545330903400777,3.95523303649115,7.6460085691428e-05,0.00855548116736716,"LOC283710","283710"
"ENSG00000137766.12",167.924038328703,-1.8378786588983,0.529936886672903,-3.4681085712622,0.000524135482667577,0.0341652275235059,NA,NA
"ENSG00000177699",5.99635267018231,3.15872244304337,0.884149561915074,3.57261099151772,0.000353439602197657,0.0258422320781451,"LOC100129540","100129540"
"ENSG00000154237",1652.06392685767,0.949628273438878,0.253962601185992,3.73924455413579,0.000184574100007416,0.0171183187114261,"LRRK1","79705"
"ENSG00000099769",98.8497626814608,-1.63403085486157,0.355760661281076,-4.59306222609748,4.36788749411576e-06,0.00081019915813672,"IGFALS","3483"
"ENSG00000008517.12",2439.55361311055,1.18689975705844,0.278431140702163,4.26281253621723,2.01869865496914e-05,0.00280574452177112,NA,NA
"ENSG00000048462",124.213121574805,3.21916841039936,0.652255489496518,4.93544088511123,7.99699007256521e-07,0.000185731774475258,"TNFRSF17","608"
"ENSG00000205730",1812.22099914573,0.618921313770411,0.149771023137646,4.13245032853648,3.5891634650791e-05,0.00455033485540625,"ITPRIPL2","162073"
"ENSG00000166501",1123.85412937181,1.43829004787781,0.411076911069272,3.4988344252578,0.000467296666657113,0.0315773723057929,"PRKCB","5579"
"ENSG00000177455",1030.60621214923,2.48728246386826,0.606881677255362,4.09846360021456,4.15901626030244e-05,0.00515456912117663,"CD19","930"
"ENSG00000197471",529.14029633212,1.53416795745748,0.426573734073848,3.59648950441915,0.00032254059113042,0.0240622768596768,"SPN","6693"
"ENSG00000185905",251.894233297177,1.80430924152059,0.484803826020156,3.72173061490149,0.000197862045678754,0.0181678113570412,"C16orf54","283897"
"ENSG00000259810",13.0045557358203,1.29263532572389,0.364460053754838,3.5467133157847,0.000390068810033007,0.0282217847426498,NA,NA
"ENSG00000197476",10.8570258931611,3.6524444256939,0.933376880087817,3.91315073644234,9.10996276941654e-05,0.00999131551671168,NA,NA
"ENSG00000223931",5.36344886136648,4.94065051692963,1.15821107217653,4.26576004634895,1.99222811708249e-05,0.00279498480710283,NA,NA
"ENSG00000270472",14.9442212260672,5.24535133780928,1.13216162884456,4.63304108191909,3.60332998563372e-06,0.000701329817908062,NA,NA
"ENSG00000261834",2.75859933934867,4.12437046524945,1.13237766615789,3.64222166200368,0.000270295167850718,0.0216533850697338,NA,NA
"ENSG00000270864",5.53993293748108,4.86928341593843,1.34502930200229,3.62020619825139,0.000294368334423063,0.0229823503581486,NA,NA
"ENSG00000271130",9.82057883639982,5.97273982277506,1.20915781303877,4.93958667625426,7.82883383863563e-07,0.000183367211552722,NA,NA
"ENSG00000271178",29.2575870875536,5.89364869119614,1.3245003144725,4.44971482965887,8.598438312524e-06,0.00140617537326354,NA,NA
"ENSG00000121281",617.229208221587,1.38611714846692,0.395132538610753,3.50798026743222,0.000451522539597857,0.0309657070704853,"ADCY7","113"
"ENSG00000167207",210.561158706516,1.23280339626425,0.341946798744178,3.60524912293902,0.000311853627649145,0.0236137275642933,"NOD2","64127"
"ENSG00000070915",20.7349575279137,2.73032429200258,0.559208222958974,4.88248237401704,1.04758605931216e-06,0.000231625468058156,"SLC12A3","6559"
"ENSG00000125122.10",450.753040864972,-0.657297191033076,0.192741623927406,-3.41025035298364,0.000649032724336354,0.0404920235557746,NA,NA
"ENSG00000159753",1275.65309475044,1.6611716002343,0.468509678384535,3.54565055296654,0.000391645193478363,0.0282618534134595,"CARMIL2","146206"
"ENSG00000090861.11",11074.2510302721,0.77039437173605,0.207942606119442,3.70484137961384,0.000211523057443279,0.0187440992094129,NA,NA
"ENSG00000140968",1489.98095237567,1.54325861163428,0.417748473015274,3.69422921045089,0.000220554789254781,0.0189307244267814,"IRF8","3394"
"ENSG00000103257",1088.93650095136,2.04212679883628,0.429101216732971,4.75907948801528,1.944778423631e-06,0.000410303710475676,"SLC7A5","8140"
"ENSG00000083454.17",1010.71989046316,2.70291373348202,0.541009696036017,4.99605414336618,5.85152381412441e-07,0.000140629926238931,NA,NA
"ENSG00000108405",299.161569687934,2.21674377393381,0.520103138012702,4.26212343652439,2.02493533789249e-05,0.00280574452177112,"P2RX1","5023"
"ENSG00000125409",70.8276154361293,-0.876555022731406,0.255237010361759,-3.43427867882101,0.000594133030751165,0.0379229762214797,"TEKT3","64518"
"ENSG00000128438",386.590233861697,3.26432056598936,0.693181388945573,4.70918668338002,2.48707202911975e-06,0.000509168124006013,NA,NA
"ENSG00000240505",172.619387643017,2.90387195416192,0.802455471510164,3.61873282351362,0.000296049085495328,0.0229887055891338,"TNFRSF13B","23495"
"ENSG00000230709",7.35006862125865,4.27202642289316,0.937889302012191,4.55493672198601,5.24013500520662e-06,0.000940434099181173,"LOC284191","284191"
"ENSG00000172653",27.2350055872892,2.21957302720008,0.599442218043486,3.70273057250544,0.000213291362334865,0.0187440992094129,NA,NA
"ENSG00000264198",1364.07391131883,2.42343659129604,0.523922851957483,4.62556000800801,3.73587620792211e-06,0.000717028796073272,NA,NA
"ENSG00000161405.12",194.965159886977,2.23578006614472,0.55893629787624,4.00006239465909,6.33257851675053e-05,0.00741609343415048,NA,NA
"ENSG00000244649",6.01835798407867,4.63854153359363,1.16011243496531,3.99835515402636,6.37841951848087e-05,0.00742004325185813,NA,NA
"ENSG00000265206",164.879685311286,2.23512457256328,0.597692331634701,3.73959051214556,0.000184320271300791,0.0171183187114261,NA,NA
"ENSG00000121075",20.1595940750567,2.10760215359407,0.63194165609411,3.33512142026005,0.000852621615754212,0.0472239603531361,"TBX4","9496"
"ENSG00000170921.10",1095.3787785007,0.487529136954182,0.12130563530208,4.01901474519396,5.84420138083897e-05,0.00693227629886813,NA,NA
"ENSG00000169738",2605.71575119113,-0.682088727801233,0.202301994786746,-3.3716361942958,0.000747230828058334,0.0438439585300595,"DCXR","51181"
"ENSG00000264514",34.1144024513449,1.18060609047037,0.35361763423628,3.33865162867279,0.000841860704286481,0.0468155858049693,NA,NA
"ENSG00000170558",176.568417079686,1.83703523610401,0.533268396387757,3.44486050279312,0.000571354173734055,0.0367196321846639,"CDH2","1000"
"ENSG00000187323",9.36224522726396,2.63477576671242,0.794907624993215,3.31456849056506,0.000917846913300341,0.0496427651463695,"DCC","1630"
"ENSG00000167476",113.761471127691,1.94113437008187,0.58082479405288,3.34203083263202,0.000831678218572823,0.0465302077022585,"JSRP1","126306"
"ENSG00000185361",944.618397079793,0.695613603131265,0.185246425050584,3.7550716724564,0.000173291881620571,0.0165153138766529,"TNFAIP8L1","126282"
"ENSG00000125730.12",33680.6958781037,1.35169211761524,0.369623571150512,3.65694242228081,0.000255241685084899,0.0210578199772431,NA,NA
"ENSG00000141968",716.529273535849,1.61154166288069,0.435395162352792,3.7013311176271,0.000214471382541237,0.0187440992094129,"VAV1","7409"
"ENSG00000167483.13",745.409113626149,2.24995417808872,0.55780295323243,4.03360033332629,5.49287112967126e-05,0.00657194685202833,NA,NA
"ENSG00000130475.10",426.796309474941,1.57781506224253,0.448056213923077,3.52146675620799,0.000429166474883594,0.0298773376141884,NA,NA
"ENSG00000096996.11",233.405324196554,1.48220119589127,0.437073694780592,3.39119286653781,0.000695891114353061,0.0422634253691432,NA,NA
"ENSG00000184635",308.353398685,-0.714532290479966,0.192882557879106,-3.70449406279554,0.000211813068750447,0.0187440992094129,"ZNF93","81931"
"ENSG00000270876",24.3583146633047,-1.71720958575676,0.402956449672597,-4.2615264928803,2.03035279091911e-05,0.00280574452177112,NA,NA
"ENSG00000232680",27.0915442986853,-1.92742301428579,0.497670696484231,-3.87288829320667,0.000107553131101149,0.0113456238067693,NA,NA
"ENSG00000142065",924.753267851885,-0.389024487734626,0.114821722676987,-3.38807395207801,0.000703852840786311,0.042566925193987,"ZFP14","57677"
"ENSG00000171827",196.189625712859,-0.355756426158014,0.105532152133073,-3.37107145990367,0.000748764325428327,0.0438439585300595,"ZNF570","148268"
"ENSG00000225868",78.737498992015,-1.06708220841003,0.282579129725566,-3.77622441348149,0.00015922354653338,0.0154407732599633,"LOC100631378","100631378"
"ENSG00000229481",441.741563552642,-1.02603513465684,0.273606471952901,-3.75003970970929,0.000176806569542406,0.0166380254561152,NA,NA
"ENSG00000261857",118.217282022589,2.31088213119897,0.688873131903524,3.35458304900562,0.000794846900094614,0.0451552159820702,"MIA","8190"
"ENSG00000105369",2120.47599198342,4.40482306859393,0.73334586745263,6.0064742491761,1.8960107261509e-09,9.43320895846211e-07,"CD79A","973"
"ENSG00000131401",521.45053090283,1.94211756673484,0.533084914518271,3.64316737135558,0.000269303599387755,0.0216366653484848,"NAPSB","256236"
"ENSG00000142512.10",446.142450935584,1.90453373285564,0.540288876262065,3.5250285847674,0.000423437097080578,0.0298302811284136,NA,NA
"ENSG00000105366.11",68.4655303640945,2.47702756507788,0.667267215501987,3.71219731395676,0.000205467707392173,0.0185183558789238,NA,NA
"ENSG00000104972.10",594.25890994014,1.6136402414221,0.46111323231249,3.49944466639933,0.000466228360637978,0.0315773723057929,NA,NA
"ENSG00000101307.11",106.740961699184,1.23728546849771,0.344036840969682,3.59637492604098,0.000322682624312625,0.0240622768596768,NA,NA
"ENSG00000089012.10",226.74375182905,2.14979372170475,0.490692437420534,4.38114296809986,1.18058371370574e-05,0.00183308835277524,NA,NA
"ENSG00000198053",2818.93075833464,0.686355267198492,0.17775459335889,3.86125193295415,0.000112807509569981,0.0118546538003618,"SIRPA","140885"
"ENSG00000172264.12",206.664494609939,-0.792453689950868,0.234468508347569,-3.3797873135959,0.000725419422214796,0.0431164343896184,NA,NA
"ENSG00000213742",150.742710081644,-0.791331780439384,0.192690976430757,-4.1067402070265,4.01282128357739e-05,0.00501838708757973,"ZNF337-AS1","102724826"
"ENSG00000149599.11",658.224571875787,-1.15487450396375,0.317962342203702,-3.63211094735199,0.000281112204603305,0.0223258020426039,NA,NA
"ENSG00000088340.11",1549.34121818,2.43108941820245,0.552029324234979,4.40391354493991,1.06315326010971e-05,0.00167905313159499,NA,NA
"ENSG00000101445",1503.88837013705,1.23351823211342,0.350178206440896,3.52254426296406,0.000427425660767931,0.0298312889199598,"PPP1R16B","26051"
"ENSG00000124107",641.856913245864,1.16832428658082,0.342223378516622,3.4139230687423,0.000640346542888269,0.0401312874202857,"SLPI","6590"
"ENSG00000124140",24.6619624696167,1.18378396927572,0.340731875869113,3.47423899292139,0.000512304508176382,0.0338296102983555,"SLC12A5","57468"
"ENSG00000124103",14.8961301348028,1.27522849464558,0.37598475237693,3.3917026863024,0.000694597672185654,0.0422634253691432,"FAM209A","200232"
"ENSG00000124256.10",420.317658206796,2.25033989094685,0.562875018042293,3.99793882978436,6.3896457556344e-05,0.00742004325185813,NA,NA
"ENSG00000232884",19.1150632586491,3.55527262907485,0.790278455504607,4.49875939842589,6.83511605632791e-06,0.00113800564798067,NA,NA
"ENSG00000182240.11",2871.93218627009,0.574173490017051,0.132888608208139,4.3207126461716,1.55526097692772e-05,0.00231098402582411,NA,NA
"ENSG00000236384",23.9334324511494,-1.76485121740518,0.51472720008352,-3.42871178581356,0.000606453168821815,0.0384430107337095,"LINC00479","150135"
"ENSG00000160223.12",1083.66215535863,1.11633175752459,0.304203566969303,3.66968661362619,0.000242848001789778,0.0202774413095646,NA,NA
"ENSG00000160255.12",2295.47562187521,1.50758851220307,0.418838123232832,3.59945389060252,0.000318886168468388,0.0240146482946302,NA,NA
"ENSG00000253691",5.97763442196528,5.48169310643914,1.33179987201426,4.11600362909513,3.85498236927571e-05,0.00484290921463827,NA,NA
"ENSG00000211637",597.272942129646,4.30920293090217,0.876271332999358,4.91765822824804,8.75856554094476e-07,0.000200057218529447,NA,NA
"ENSG00000211638",553.040965847225,5.54541135052826,1.2525638702869,4.42724836798789,9.5442813169295e-06,0.00154260144466256,NA,NA
"ENSG00000211639",166.231839900232,4.35857731701787,1.23249905335782,3.53637376446121,0.000405660319379904,0.0289706457545782,NA,NA
"ENSG00000211640",848.364662844915,4.89497247702933,0.984475020681422,4.97216523954177,6.62092343117909e-07,0.000156400924607631,NA,NA
"ENSG00000211642",88.0091105147439,4.64936275596932,1.02149690495677,4.55151918073222,5.32599412234454e-06,0.000949676293892635,NA,NA
"ENSG00000211644",3161.89635676723,4.93225140010421,0.796420002720743,6.19302802950024,5.90192285368613e-10,3.32892538428933e-07,NA,NA
"ENSG00000211645",24.8699940964645,2.66118739045268,0.78151290821866,3.4051739420638,0.000661219224331877,0.0409748361481713,NA,NA
"ENSG00000223350",191.317956627059,5.77775017764355,1.05775127885111,5.46229562011886,4.70016517843827e-08,1.41199092610519e-05,NA,NA
"ENSG00000211647",13.3244250481738,4.51776316954664,1.35765580781446,3.3276204053657,0.00087591128427452,0.0478427590410656,NA,NA
"ENSG00000211648",2320.9998513947,5.02923545954777,1.0213408774923,4.92414978229019,8.47279222365532e-07,0.000195142526231155,NA,NA
"ENSG00000211649",365.355212099274,4.18912175467858,1.00041813266491,4.18737087813432,2.82204473496539e-05,0.00374979194158526,NA,NA
"ENSG00000211650",262.773795151403,4.76736524139597,1.05622900394403,4.51357160577327,6.37449137164437e-06,0.00109820459474716,NA,NA
"ENSG00000211652",213.258755410463,6.19547536235251,1.09506791123592,5.65761748543992,1.53488746204453e-08,5.83093793551943e-06,NA,NA
"ENSG00000211653",4345.40350491051,6.30710738064629,0.855798126831343,7.36985415473954,1.70814804078188e-13,8.77974092495566e-10,NA,NA
"ENSG00000211655",193.889990533631,3.6935441035023,1.05266431995284,3.50875776208296,0.000450204745600706,0.0309521362161998,NA,NA
"ENSG00000211658",137.164482059724,5.23156420874195,1.17317467492462,4.45932248672014,8.22191354505577e-06,0.00135260265808483,NA,NA
"ENSG00000211659",1043.6389268891,6.38285298477028,0.893358113770132,7.14478649310464,9.01358785863935e-13,2.26470492033704e-09,NA,NA
"ENSG00000211660",2854.01245257483,6.15349752928091,0.88401196632424,6.96087582939338,3.38163737722735e-12,5.84135586448809e-09,NA,NA
"ENSG00000211662",1582.97611880129,6.06593231423725,0.845977127388768,7.1703266174118,7.48190478539589e-13,2.09433050837957e-09,NA,NA
"ENSG00000211663",2335.09341336949,5.96815309667533,0.922335499627611,6.47069650803309,9.75521950892325e-11,8.25705091896267e-08,NA,NA
"ENSG00000211664",159.205267759964,4.29420992915422,1.03050992329856,4.16707285593997,3.08535911085155e-05,0.0040034345120054,NA,NA
"ENSG00000253152",4.13240512531943,5.40370445979605,1.47201858770129,3.67094852262328,0.00024165201108949,0.0202387220681556,NA,NA
"ENSG00000211665",67.6347785475881,8.45492014155359,1.30275739163943,6.49001893661387,8.58255858927302e-11,7.65176626742993e-08,NA,NA
"ENSG00000211666",3885.83836984381,4.61629437373363,0.868741874215272,5.31376984435508,1.07380228670322e-07,3.09143204165663e-05,NA,NA
"ENSG00000211667",38.4104931900051,4.91345588132517,1.08250962869337,4.53894889346702,5.65353349941548e-06,0.00100072960065928,NA,NA
"ENSG00000211668",2021.3192130774,4.95635516339151,0.883148713081182,5.61214106976331,1.99838415401151e-08,7.26728174323292e-06,NA,NA
"ENSG00000211669",495.375194466067,7.29130201001511,1.01711880595915,7.16858440459111,7.57772092184518e-13,2.09433050837957e-09,NA,NA
"ENSG00000211670",165.45504696499,4.26389856333946,0.995672573032455,4.2824304684352,1.84862908254537e-05,0.00264727515976109,NA,NA
"ENSG00000211671",1563.49804296313,5.2689515407614,0.873343532651637,6.03308016120971,1.60863566166979e-09,8.23323563282033e-07,NA,NA
"ENSG00000237127",7.40526776062797,4.52241893511373,1.22612824100461,3.6883735190769,0.00022569216890984,0.0191928620440928,NA,NA
"ENSG00000253448",5.16732299824255,5.5092396238497,1.20433153860196,4.57452075883112,4.77311283361772e-06,0.000873637698645871,NA,NA
"ENSG00000253234",26.0013387115568,4.92295065848591,0.974742312611147,5.05051498718494,4.40620537433256e-07,0.00010776876472195,NA,NA
"ENSG00000211672",38.630225682656,7.33481576139075,1.3994996834217,5.24102709581007,1.59685262761553e-07,4.16356725679604e-05,NA,NA
"ENSG00000211673",1372.48608192602,5.77207072908305,0.823212890081345,7.01163793549526,2.35544110802422e-12,4.64997723882668e-09,NA,NA
"ENSG00000254709",109.051903504571,5.57390553931318,1.00658529791506,5.53743984822591,3.06925055169511e-08,1.04725860182407e-05,"IGLL5","100423062"
"ENSG00000211674",96.5303423251854,4.42919074325711,1.01149207940784,4.37886843943466,1.19297118894098e-05,0.00184197417429892,NA,NA
"ENSG00000211676",27.5841076895769,4.20528563788951,0.998739898405676,4.21059141083935,2.5470303750625e-05,0.00343389392712085,NA,NA
"ENSG00000211677",1314.71330123942,3.53807918800611,0.721234075965891,4.90559071722706,9.3146576389434e-07,0.000211015170348457,NA,NA
"ENSG00000211678",307.338230111103,4.41478587766366,1.02514439609016,4.3065014982293,1.65856806652623e-05,0.00243827150120489,NA,NA
"ENSG00000211679",5488.19991764659,4.15196472532633,0.73557726846489,5.6444984141384,1.6566350850755e-08,6.18730817315091e-06,NA,NA
"ENSG00000254030",26.1221672710891,3.76133398221914,1.01963319136861,3.68890892730793,0.000225217813645033,0.0191928620440928,NA,NA
"ENSG00000222037",979.292964328315,5.91749201051966,1.10018417910176,5.37863761624981,7.50516027844917e-08,2.23040451371804e-05,NA,NA
"ENSG00000211685",578.896821720069,6.62170089217702,0.892500300896728,7.41927020699484,1.17767433176844e-13,8.13714079535405e-10,NA,NA
"ENSG00000099958.10",2753.47591180934,1.83073099456127,0.506041459891146,3.61774901794624,0.000297176361084021,0.0229887055891338,NA,NA
"ENSG00000128245.10",5394.83792340419,0.547472513518768,0.150717543868517,3.63244052063621,0.000280753302658395,0.0223258020426039,NA,NA
"ENSG00000100336.13",905.762676692703,1.72098385191657,0.433039106817626,3.97419961574363,7.06163211491594e-05,0.00799874542590356,NA,NA
"ENSG00000128335",2905.86814733944,0.875323804996204,0.262100189435299,3.33965346183882,0.000838829906204032,0.0467410906202964,"APOL2","23780"
"ENSG00000100342.16",3289.46251210838,1.34741473431973,0.256887057899201,5.24516394612779,1.56143418820649e-07,4.10999219939534e-05,NA,NA
"ENSG00000128340.10",726.335586735565,1.68313994378079,0.430778757353755,3.90720274630115,9.33708026224904e-05,0.0101199303642368,NA,NA
"ENSG00000167077",485.727423785083,1.71946522039981,0.456354889320254,3.76782469222797,0.000164676278283514,0.0159137167104887,"MEI1","150365"
"ENSG00000260655",328.151200601184,2.99638765878209,0.772055666799182,3.8810513122773,0.000104005892148594,0.0110558263353955,NA,NA
"ENSG00000159958",162.166807947674,3.02854332246815,0.696053623438709,4.35102012328628,1.35505613969364e-05,0.00204650500485534,"TNFRSF13C","115650"
"ENSG00000237037",730.546744526032,-0.617299935790427,0.170224207997294,-3.62639334941267,0.000287407444044677,0.0225182409088428,"NDUFA6-DT","100132273"
"ENSG00000186976.10",452.486720013237,-0.743038245189876,0.21566001373252,-3.44541499525014,0.000570183271097952,0.0367196321846639,NA,NA
"ENSG00000272666",17.3165129691495,2.25229971959345,0.660660507951903,3.40916354539755,0.000651624020729498,0.0405621276687429,"LOC105373098","105373098"
"ENSG00000196664",81.2370678506941,2.48719585823619,0.52588996895372,4.72949857397845,2.25075035893712e-06,0.000467716078348152,"TLR7","51284"
"ENSG00000233585",38.58881545801,-1.61379176355184,0.422482399536024,-3.81978460007832,0.000133568265021807,0.0134728456520902,NA,NA
"ENSG00000102096",2330.01284283456,2.31523991982222,0.514412029888123,4.50074995393429,6.77141252105141e-06,0.00113423211670799,"PIM2","11040"
"ENSG00000147168",1418.00999511004,1.76129796532505,0.441484112979146,3.98949342353401,6.62145549468349e-05,0.00756213995711001,"IL2RG","3561"
"ENSG00000125931",146.457048083292,1.25848139551553,0.358600225506976,3.50942722843059,0.00044907292816891,0.0309513156826243,"CITED1","4435"
"ENSG00000102290.17",36.0334335557023,-2.24659401942922,0.586074253439324,-3.83329246464128,0.000126439477641165,0.012942719566839,NA,NA
"ENSG00000122122",1332.19916802651,1.57162129002593,0.423399455788796,3.71191145510093,0.000205699951328953,0.0185183558789238,"SASH3","54440"
"ENSG00000271375",5.96780070091134,4.55626727866005,1.12102646982327,4.06437082558662,4.81622028269965e-05,0.00583818842865144,NA,NA
"ENSG00000198695",58428.1953021687,1.98442582337718,0.538205075362592,3.68711837590951,0.000226807865897241,0.0192285760664661,"ND6","4541"
